id;cv;cv_content_type;tel;profil
1;../fake-data/blob/hipster.png;image/png;présidence smack conseil d’administration;../fake-data/blob/hipster.txt
2;../fake-data/blob/hipster.png;image/png;gratis souple;../fake-data/blob/hipster.txt
3;../fake-data/blob/hipster.png;image/png;comme moderne;../fake-data/blob/hipster.txt
4;../fake-data/blob/hipster.png;image/png;lors de ouf;../fake-data/blob/hipster.txt
5;../fake-data/blob/hipster.png;image/png;conseil municipal;../fake-data/blob/hipster.txt
6;../fake-data/blob/hipster.png;image/png;concernant à défaut de tchou tchouu;../fake-data/blob/hipster.txt
7;../fake-data/blob/hipster.png;image/png;dehors vide;../fake-data/blob/hipster.txt
8;../fake-data/blob/hipster.png;image/png;coin-coin flatter à même;../fake-data/blob/hipster.txt
9;../fake-data/blob/hipster.png;image/png;risquer administration;../fake-data/blob/hipster.txt
10;../fake-data/blob/hipster.png;image/png;concentrer présidence chez;../fake-data/blob/hipster.txt
