id;email;password;name;role;telephone;entreprise
1;Alban_Morel@hotmail.fr;à défaut de derrière;mairie réjouir;Admin;0126385229;de crainte que initier
2;Astree.Leroux8@yahoo.fr;admirablement candide presque;membre titulaire partenaire après que;Recruiter;+33 297244852;vite oups
3;Rejean.Simon1@hotmail.fr;broum;de crainte que sitôt que;Recruiter;0735216558;lorsque
4;Isabelle.Marty27@yahoo.fr;sédentaire que ouin;attraper âcre si;Admin;0519549069;lors de tant serviable
5;Andre.Bernard@yahoo.fr;plaire areu areu drelin;conduire zzzz financer;Recruiter;0448741281;smack d’autant que longtemps
6;Elia33@gmail.com;tandis que obliger au défaut de;sauf coac coac;Recruiter;+33 400442589;détacher spécialiste
7;Frederique.Morin@gmail.com;si;doucement;Recruiter;+33 370302211;tant afin que
8;Theophile.Leroux@gmail.com;sans accentuer chut;commissionnaire naguère;Recruiter;0694770723;méditer
9;Job.Royer@gmail.com;dès que depuis;afin que accomplir;Candidate;0449988830;afin que étant donné que arrière
10;Florent.Michel@yahoo.fr;du moment que approximativement ouf;commis de cuisine;Admin;0437309748;hirsute toc-toc sus
